noteID,noteID_filename,filename,ID
1,BUFRCREX_CodeFlag_notes_en.csv,BUFRCREX_CodeFlag_en_20.csv,bufr4/0/20/012/31
1,BUFRCREX_CodeFlag_notes_en.csv,BUFRCREX_CodeFlag_en_20.csv,bufr4/0/20/012/36
1,BUFRCREX_CodeFlag_notes_en.csv,BUFRCREX_CodeFlag_en_20.csv,bufr4/0/20/012/37
1,BUFRCREX_TableB_notes_en.csv,BUFRCREX_TableB_en_15.csv,bufr4/0/15/003
1,BUFR_TableC_notes_en.csv,BUFR_TableC_en.csv,bufr4/201YYY
1,BUFR_TableC_notes_en.csv,BUFR_TableC_en.csv,bufr4/202YYY
1,BUFR_TableC_notes_en.csv,BUFR_TableC_en.csv,bufr4/203YYY
1,BUFR_TableC_notes_en.csv,BUFR_TableC_en.csv,bufr4/204YYY
1,BUFR_TableC_notes_en.csv,BUFR_TableC_en.csv,bufr4/207YYY
1,BUFR_TableC_notes_en.csv,BUFR_TableC_en.csv,bufr4/208YYY
1,BUFR_TableD_notes_en.csv,BUFR_TableD_en_04.csv,bufr4/3/04/035/1/002153
1,BUFR_TableD_notes_en.csv,BUFR_TableD_en_04.csv,bufr4/3/04/035/10/012063
1,BUFR_TableD_notes_en.csv,BUFR_TableD_en_04.csv,bufr4/3/04/035/11/008003
1,BUFR_TableD_notes_en.csv,BUFR_TableD_en_04.csv,bufr4/3/04/035/12/012063
1,BUFR_TableD_notes_en.csv,BUFR_TableD_en_04.csv,bufr4/3/04/035/13/008003
1,BUFR_TableD_notes_en.csv,BUFR_TableD_en_04.csv,bufr4/3/04/035/14/012063
1,BUFR_TableD_notes_en.csv,BUFR_TableD_en_04.csv,bufr4/3/04/035/15/008003
1,BUFR_TableD_notes_en.csv,BUFR_TableD_en_04.csv,bufr4/3/04/035/2/002154
1,BUFR_TableD_notes_en.csv,BUFR_TableD_en_04.csv,bufr4/3/04/035/3/012063
1,BUFR_TableD_notes_en.csv,BUFR_TableD_en_04.csv,bufr4/3/04/035/4/008001
1,BUFR_TableD_notes_en.csv,BUFR_TableD_en_04.csv,bufr4/3/04/035/5/012063
1,BUFR_TableD_notes_en.csv,BUFR_TableD_en_04.csv,bufr4/3/04/035/6/008001
1,BUFR_TableD_notes_en.csv,BUFR_TableD_en_04.csv,bufr4/3/04/035/7/012063
1,BUFR_TableD_notes_en.csv,BUFR_TableD_en_04.csv,bufr4/3/04/035/8/008001
1,BUFR_TableD_notes_en.csv,BUFR_TableD_en_04.csv,bufr4/3/04/035/9/008003
2,BUFRCREX_TableB_notes_en.csv,BUFRCREX_TableB_en_15.csv,bufr4/0/15/004
2,BUFR_TableC_notes_en.csv,BUFR_TableC_en.csv,bufr4/202YYY
2,BUFR_TableD_notes_en.csv,BUFR_TableD_en_07.csv,bufr4/3/07/082/1/301090
2,BUFR_TableD_notes_en.csv,BUFR_TableD_en_07.csv,bufr4/3/07/082/10/012122
2,BUFR_TableD_notes_en.csv,BUFR_TableD_en_07.csv,bufr4/3/07/082/11/302043
2,BUFR_TableD_notes_en.csv,BUFR_TableD_en_07.csv,bufr4/3/07/082/12/302044
2,BUFR_TableD_notes_en.csv,BUFR_TableD_en_07.csv,bufr4/3/07/082/13/101002
2,BUFR_TableD_notes_en.csv,BUFR_TableD_en_07.csv,bufr4/3/07/082/14/302045
2,BUFR_TableD_notes_en.csv,BUFR_TableD_en_07.csv,bufr4/3/07/082/15/302046
2,BUFR_TableD_notes_en.csv,BUFR_TableD_en_07.csv,bufr4/3/07/082/2/302031
2,BUFR_TableD_notes_en.csv,BUFR_TableD_en_07.csv,bufr4/3/07/082/3/302035
2,BUFR_TableD_notes_en.csv,BUFR_TableD_en_07.csv,bufr4/3/07/082/4/302036
2,BUFR_TableD_notes_en.csv,BUFR_TableD_en_07.csv,bufr4/3/07/082/5/302047
2,BUFR_TableD_notes_en.csv,BUFR_TableD_en_07.csv,bufr4/3/07/082/6/008002
2,BUFR_TableD_notes_en.csv,BUFR_TableD_en_07.csv,bufr4/3/07/082/7/302048
2,BUFR_TableD_notes_en.csv,BUFR_TableD_en_07.csv,bufr4/3/07/082/8/302037
2,BUFR_TableD_notes_en.csv,BUFR_TableD_en_07.csv,bufr4/3/07/082/9/012121
2,BUFR_TableD_notes_en.csv,BUFR_TableD_en_07.csv,bufr4/3/07/083/1/301090
2,BUFR_TableD_notes_en.csv,BUFR_TableD_en_07.csv,bufr4/3/07/083/2/302031
3,BUFRCREX_CodeFlag_notes_en.csv,BUFRCREX_CodeFlag_en_08.csv,bufr4/0/08/021/8
3,BUFRCREX_TableB_notes_en.csv,BUFRCREX_TableB_en_15.csv,bufr4/0/15/005
3,BUFR_TableD_notes_en.csv,BUFR_TableD_en_10.csv,bufr4/3/10/027/1/301071
3,BUFR_TableD_notes_en.csv,BUFR_TableD_en_10.csv,bufr4/3/10/027/10/002167
3,BUFR_TableD_notes_en.csv,BUFR_TableD_en_10.csv,bufr4/3/10/027/11/101011
3,BUFR_TableD_notes_en.csv,BUFR_TableD_en_10.csv,bufr4/3/10/027/12/304035
3,BUFR_TableD_notes_en.csv,BUFR_TableD_en_10.csv,bufr4/3/10/027/2/301011
3,BUFR_TableD_notes_en.csv,BUFR_TableD_en_10.csv,bufr4/3/10/027/3/301013
3,BUFR_TableD_notes_en.csv,BUFR_TableD_en_10.csv,bufr4/3/10/027/4/301021
3,BUFR_TableD_notes_en.csv,BUFR_TableD_en_10.csv,bufr4/3/10/027/5/030021
3,BUFR_TableD_notes_en.csv,BUFR_TableD_en_10.csv,bufr4/3/10/027/6/030022
3,BUFR_TableD_notes_en.csv,BUFR_TableD_en_10.csv,bufr4/3/10/027/7/010002
3,BUFR_TableD_notes_en.csv,BUFR_TableD_en_10.csv,bufr4/3/10/027/8/304036
3,BUFR_TableD_notes_en.csv,BUFR_TableD_en_10.csv,bufr4/3/10/027/9/002152
4,BUFRCREX_CodeFlag_notes_en.csv,BUFRCREX_CodeFlag_en_08.csv,bufr4/0/08/021/2
4,BUFRCREX_TableB_notes_en.csv,BUFRCREX_TableB_en_15.csv,bufr4/0/15/038
4,BUFR_TableC_notes_en.csv,BUFR_TableC_en.csv,bufr4/207YYY
5,BUFRCREX_TableB_notes_en.csv,BUFRCREX_TableB_en_15.csv,bufr4/0/15/079
5,BUFR_TableC_notes_en.csv,BUFR_TableC_en.csv,bufr4/204YYY
5,BUFR_TableD_notes_en.csv,BUFR_TableD_en_01.csv,bufr4/3/01/065/1/001006
5,BUFR_TableD_notes_en.csv,BUFR_TableD_en_01.csv,bufr4/3/01/065/2/001008
6,BUFRCREX_TableB_notes_en.csv,BUFRCREX_TableB_en_15.csv,bufr4/0/15/081
6,BUFR_TableC_notes_en.csv,BUFR_TableC_en.csv,bufr4/204YYY
6,BUFR_TableD_notes_en.csv,BUFR_TableD_en_16.csv,bufr4/3/16/006/11/020011
7,BUFRCREX_TableB_notes_en.csv,BUFRCREX_TableB_en_15.csv,bufr4/0/15/083
7,BUFR_TableC_notes_en.csv,BUFR_TableC_en.csv,bufr4/204YYY
8,BUFRCREX_TableB_notes_en.csv,BUFRCREX_TableB_en_15.csv,bufr4/0/15/085
8,BUFR_TableD_notes_en.csv,BUFR_TableD_en_09.csv,bufr4/3/09/056/11/303056
9,BUFRCREX_TableB_notes_en.csv,BUFRCREX_TableB_en_20.csv,bufr4/0/20/121
9,BUFR_TableC_notes_en.csv,BUFR_TableC_en.csv,bufr4/204YYY
9,BUFR_TableD_notes_en.csv,BUFR_TableD_en_09.csv,bufr4/3/09/056/4/301113
10,BUFRCREX_TableB_notes_en.csv,BUFRCREX_TableB_en_20.csv,bufr4/0/20/122
11,BUFRCREX_TableB_notes_en.csv,BUFRCREX_TableB_en_21.csv,bufr4/0/21/189
11,BUFR_TableC_notes_en.csv,BUFR_TableC_en.csv,bufr4/205YYY
11,BUFR_TableD_notes_en.csv,BUFR_TableD_en_01.csv,bufr4/3/01/002/1/001003
11,BUFR_TableD_notes_en.csv,BUFR_TableD_en_01.csv,bufr4/3/01/002/2/001004
11,BUFR_TableD_notes_en.csv,BUFR_TableD_en_01.csv,bufr4/3/01/002/3/001005
12,BUFRCREX_TableB_notes_en.csv,BUFRCREX_TableB_en_22.csv,bufr4/0/22/179
12,BUFR_TableC_notes_en.csv,BUFR_TableC_en.csv,bufr4/206YYY
12,BUFR_TableD_notes_en.csv,BUFR_TableD_en_01.csv,bufr4/3/01/035/1/001005
12,BUFR_TableD_notes_en.csv,BUFR_TableD_en_01.csv,bufr4/3/01/035/2/001012
12,BUFR_TableD_notes_en.csv,BUFR_TableD_en_01.csv,bufr4/3/01/035/3/001013
12,BUFR_TableD_notes_en.csv,BUFR_TableD_en_01.csv,bufr4/3/01/035/4/002001
12,BUFR_TableD_notes_en.csv,BUFR_TableD_en_01.csv,bufr4/3/01/035/5/301011
12,BUFR_TableD_notes_en.csv,BUFR_TableD_en_01.csv,bufr4/3/01/035/6/301012
12,BUFR_TableD_notes_en.csv,BUFR_TableD_en_01.csv,bufr4/3/01/035/7/301023
13,BUFRCREX_TableB_notes_en.csv,BUFRCREX_TableB_en_22.csv,bufr4/0/22/186
13,BUFR_TableC_notes_en.csv,BUFR_TableC_en.csv,bufr4/232000
13,BUFR_TableC_notes_en.csv,BUFR_TableC_en.csv,bufr4/232255
13,BUFR_TableD_notes_en.csv,BUFR_TableD_en_08.csv,bufr4/3/08/003/1/301035
13,BUFR_TableD_notes_en.csv,BUFR_TableD_en_08.csv,bufr4/3/08/003/2/302011
13,BUFR_TableD_notes_en.csv,BUFR_TableD_en_08.csv,bufr4/3/08/003/3/022042
14,BUFRCREX_TableB_notes_en.csv,BUFRCREX_TableB_en_22.csv,bufr4/0/22/187
14,BUFR_TableC_notes_en.csv,BUFR_TableC_en.csv,bufr4/223000
14,BUFR_TableC_notes_en.csv,BUFR_TableC_en.csv,bufr4/223255
14,BUFR_TableD_notes_en.csv,BUFR_TableD_en_40.csv,bufr4/3/40/005/1/001007
15,BUFRCREX_TableB_notes_en.csv,BUFRCREX_TableB_en_25.csv,bufr4/0/25/014
15,BUFR_TableC_notes_en.csv,BUFR_TableC_en.csv,bufr4/221YYY
16,BUFRCREX_TableB_notes_en.csv,BUFRCREX_TableB_en_15.csv,bufr4/0/15/082
16,BUFR_TableC_notes_en.csv,BUFR_TableC_en.csv,bufr4/224000
17,BUFRCREX_TableB_notes_en.csv,BUFRCREX_TableB_en_15.csv,bufr4/0/15/084
17,BUFR_TableC_notes_en.csv,BUFR_TableC_en.csv,bufr4/224255
17,BUFR_TableD_notes_en.csv,BUFR_TableD_en_07.csv,bufr4/3/07/102/22/003016
18,BUFRCREX_TableB_notes_en.csv,BUFRCREX_TableB_en_15.csv,bufr4/0/15/089
19,BUFRCREX_TableB_notes_en.csv,BUFRCREX_TableB_en_15.csv,bufr4/0/15/090
19,BUFR_TableC_notes_en.csv,BUFR_TableC_en.csv,bufr4/241000
19,BUFR_TableC_notes_en.csv,BUFR_TableC_en.csv,bufr4/242000
20,BUFRCREX_CodeFlag_notes_en.csv,BUFRCREX_CodeFlag_en_02.csv,bufr4/0/02/064/1
20,BUFRCREX_TableB_notes_en.csv,BUFRCREX_TableB_en_20.csv,bufr4/0/20/010
20,BUFR_TableC_notes_en.csv,BUFR_TableC_en.csv,bufr4/243000
20,BUFR_TableD_notes_en.csv,BUFR_TableD_en_16.csv,bufr4/3/16/004/11/011031
21,BUFRCREX_TableB_notes_en.csv,BUFRCREX_TableB_en_01.csv,bufr4/0/01/032
21,BUFR_TableD_notes_en.csv,BUFR_TableD_en_16.csv,bufr4/3/16/007/3/008011
22,BUFRCREX_TableB_notes_en.csv,BUFRCREX_TableB_en_15.csv,bufr4/0/15/086
22,BUFRCREX_TableB_notes_en.csv,BUFRCREX_TableB_en_15.csv,bufr4/0/15/087
22,BUFRCREX_TableB_notes_en.csv,BUFRCREX_TableB_en_15.csv,bufr4/0/15/088
22,BUFR_TableD_notes_en.csv,BUFR_TableD_en_08.csv,bufr4/3/08/015/47/105000
22,BUFR_TableD_notes_en.csv,BUFR_TableD_en_08.csv,bufr4/3/08/016/47/105000
23,BUFR_TableD_notes_en.csv,BUFR_TableD_en_01.csv,bufr4/3/01/018/1/001114
24,BUFRCREX_TableB_notes_en.csv,BUFRCREX_TableB_en_20.csv,bufr4/0/20/060
24,BUFR_TableD_notes_en.csv,BUFR_TableD_en_15.csv,bufr4/3/15/004/4/001087
24,BUFR_TableD_notes_en.csv,BUFR_TableD_en_15.csv,bufr4/3/15/006/4/001087
25,BUFR_TableD_notes_en.csv,BUFR_TableD_en_07.csv,bufr4/3/07/071/30/007032
25,BUFR_TableD_notes_en.csv,BUFR_TableD_en_07.csv,bufr4/3/07/071/46/007032
25,BUFR_TableD_notes_en.csv,BUFR_TableD_en_07.csv,bufr4/3/07/071/55/007032
25,BUFR_TableD_notes_en.csv,BUFR_TableD_en_07.csv,bufr4/3/07/071/9/007032
25,BUFR_TableD_notes_en.csv,BUFR_TableD_en_07.csv,bufr4/3/07/072/13/007032
25,BUFR_TableD_notes_en.csv,BUFR_TableD_en_07.csv,bufr4/3/07/072/31/007032
25,BUFR_TableD_notes_en.csv,BUFR_TableD_en_08.csv,bufr4/3/08/011/12/007032
25,BUFR_TableD_notes_en.csv,BUFR_TableD_en_08.csv,bufr4/3/08/011/13/007033
25,BUFR_TableD_notes_en.csv,BUFR_TableD_en_08.csv,bufr4/3/08/011/23/007032
25,BUFR_TableD_notes_en.csv,BUFR_TableD_en_08.csv,bufr4/3/08/011/6/007030
25,BUFR_TableD_notes_en.csv,BUFR_TableD_en_08.csv,bufr4/3/08/011/7/007031
25,BUFR_TableD_notes_en.csv,BUFR_TableD_en_08.csv,bufr4/3/08/012/10/007032
25,BUFR_TableD_notes_en.csv,BUFR_TableD_en_08.csv,bufr4/3/08/012/11/007033
25,BUFR_TableD_notes_en.csv,BUFR_TableD_en_08.csv,bufr4/3/08/012/24/007032
26,BUFRCREX_CodeFlag_notes_en.csv,BUFRCREX_CodeFlag_en_33.csv,bufr4/0/33/033/2-21
26,BUFRCREX_TableB_notes_en.csv,BUFRCREX_TableB_en_13.csv,bufr4/0/13/012
26,BUFRCREX_TableB_notes_en.csv,BUFRCREX_TableB_en_13.csv,bufr4/0/13/013
26,BUFR_TableD_notes_en.csv,BUFR_TableD_en_09.csv,bufr4/3/09/055/27/303055
27,BUFR_TableD_notes_en.csv,BUFR_TableD_en_07.csv,bufr4/3/07/071/52/004003
27,BUFR_TableD_notes_en.csv,BUFR_TableD_en_07.csv,bufr4/3/07/071/53/004004
27,BUFR_TableD_notes_en.csv,BUFR_TableD_en_07.csv,bufr4/3/07/071/54/004023
27,BUFR_TableD_notes_en.csv,BUFR_TableD_en_07.csv,bufr4/3/07/072/28/004003
27,BUFR_TableD_notes_en.csv,BUFR_TableD_en_07.csv,bufr4/3/07/072/29/004004
27,BUFR_TableD_notes_en.csv,BUFR_TableD_en_08.csv,bufr4/3/08/011/20/004003
27,BUFR_TableD_notes_en.csv,BUFR_TableD_en_08.csv,bufr4/3/08/011/21/004004
27,BUFR_TableD_notes_en.csv,BUFR_TableD_en_08.csv,bufr4/3/08/011/22/004023
27,BUFR_TableD_notes_en.csv,BUFR_TableD_en_08.csv,bufr4/3/08/012/21/004003
27,BUFR_TableD_notes_en.csv,BUFR_TableD_en_08.csv,bufr4/3/08/012/22/004004
28,BUFRCREX_CodeFlag_notes_en.csv,BUFRCREX_CodeFlag_en_02.csv,bufr4/0/02/022/3
28,BUFRCREX_TableB_notes_en.csv,BUFRCREX_TableB_en_13.csv,bufr4/0/13/155
28,BUFR_TableD_notes_en.csv,BUFR_TableD_en_10.csv,bufr4/3/10/067/1/001033
29,BUFRCREX_CodeFlag_notes_en.csv,BUFRCREX_CodeFlag_en_02.csv,bufr4/0/02/049/3
29,BUFRCREX_TableB_notes_en.csv,BUFRCREX_TableB_en_14.csv,bufr4/0/14/046
29,BUFR_TableD_notes_en.csv,BUFR_TableD_en_09.csv,bufr4/3/09/070/14/025031
30,BUFRCREX_CodeFlag_notes_en.csv,BUFRCREX_CodeFlag_en_02.csv,bufr4/0/02/022/5
30,BUFRCREX_TableB_notes_en.csv,BUFRCREX_TableB_en_20.csv,bufr4/0/20/115
30,BUFR_TableD_notes_en.csv,BUFR_TableD_en_09.csv,bufr4/3/09/056/11/303056
31,BUFRCREX_CodeFlag_notes_en.csv,BUFRCREX_CodeFlag_en_02.csv,bufr4/0/02/049/4
31,BUFRCREX_TableB_notes_en.csv,BUFRCREX_TableB_en_20.csv,bufr4/0/20/114
31,BUFR_TableD_notes_en.csv,BUFR_TableD_en_15.csv,bufr4/3/15/004/7/005036
31,BUFR_TableD_notes_en.csv,BUFR_TableD_en_15.csv,bufr4/3/15/006/7/005036
33,BUFRCREX_TableB_notes_en.csv,BUFRCREX_TableB_en_00.csv,bufr4/0/00/006
34,BUFRCREX_TableB_notes_en.csv,BUFRCREX_TableB_en_25.csv,bufr4/0/25/035
34,BUFR_TableD_notes_en.csv,BUFR_TableD_en_09.csv,bufr4/3/09/055/27/303055
35,BUFRCREX_TableB_notes_en.csv,BUFRCREX_TableB_en_14.csv,bufr4/0/14/043
36,BUFRCREX_TableB_notes_en.csv,BUFRCREX_TableB_en_14.csv,bufr4/0/14/045
36,BUFR_TableD_notes_en.csv,BUFR_TableD_en_09.csv,bufr4/3/09/055/27/303055
37,BUFRCREX_CodeFlag_notes_en.csv,BUFRCREX_CodeFlag_en_25.csv,bufr4/0/25/090/9
37,BUFRCREX_TableB_notes_en.csv,BUFRCREX_TableB_en_20.csv,bufr4/0/20/130
37,BUFR_TableD_notes_en.csv,BUFR_TableD_en_08.csv,bufr4/3/08/015/45/022186
37,BUFR_TableD_notes_en.csv,BUFR_TableD_en_08.csv,bufr4/3/08/015/46/022187
37,BUFR_TableD_notes_en.csv,BUFR_TableD_en_08.csv,bufr4/3/08/016/45/022186
37,BUFR_TableD_notes_en.csv,BUFR_TableD_en_08.csv,bufr4/3/08/016/46/022187
38,BUFRCREX_CodeFlag_notes_en.csv,BUFRCREX_CodeFlag_en_02.csv,bufr4/0/02/144/1
38,BUFRCREX_CodeFlag_notes_en.csv,BUFRCREX_CodeFlag_en_02.csv,bufr4/0/02/144/2
38,BUFRCREX_TableB_notes_en.csv,BUFRCREX_TableB_en_01.csv,bufr4/0/01/032
39,BUFRCREX_TableB_notes_en.csv,BUFRCREX_TableB_en_13.csv,bufr4/0/13/009
39,BUFR_TableD_notes_en.csv,BUFR_TableD_en_08.csv,bufr4/3/08/015/40/105000
39,BUFR_TableD_notes_en.csv,BUFR_TableD_en_08.csv,bufr4/3/08/016/40/105000
40,BUFRCREX_CodeFlag_notes_en.csv,BUFRCREX_CodeFlag_en_20.csv,bufr4/0/20/011/15
40,BUFRCREX_TableB_notes_en.csv,BUFRCREX_TableB_en_00.csv,bufr4/0/00/007
40,BUFR_TableD_notes_en.csv,BUFR_TableD_en_09.csv,bufr4/3/09/070/27/007004
41,BUFRCREX_CodeFlag_notes_en.csv,BUFRCREX_CodeFlag_en_08.csv,bufr4/0/08/042/16
41,BUFRCREX_TableB_notes_en.csv,BUFRCREX_TableB_en_13.csv,bufr4/0/13/118
41,BUFR_TableD_notes_en.csv,BUFR_TableD_en_08.csv,bufr4/3/08/015/26/031001
41,BUFR_TableD_notes_en.csv,BUFR_TableD_en_08.csv,bufr4/3/08/016/26/031001
42,BUFRCREX_TableB_notes_en.csv,BUFRCREX_TableB_en_01.csv,bufr4/0/01/004
42,BUFR_TableD_notes_en.csv,BUFR_TableD_en_06.csv,bufr4/3/06/019/7/004015
43,BUFRCREX_TableB_notes_en.csv,BUFRCREX_TableB_en_01.csv,bufr4/0/01/026
44,BUFRCREX_CodeFlag_notes_en.csv,BUFRCREX_CodeFlag_en_25.csv,bufr4/0/25/188/0
44,BUFRCREX_TableB_notes_en.csv,BUFRCREX_TableB_en_01.csv,bufr4/0/01/031
44,BUFR_TableD_notes_en.csv,BUFR_TableD_en_09.csv,bufr4/3/09/030/1/015004
44,BUFR_TableD_notes_en.csv,BUFR_TableD_en_09.csv,bufr4/3/09/030/2/015005
44,BUFR_TableD_notes_en.csv,BUFR_TableD_en_09.csv,bufr4/3/09/030/3/104000
44,BUFR_TableD_notes_en.csv,BUFR_TableD_en_09.csv,bufr4/3/09/030/4/031001
44,BUFR_TableD_notes_en.csv,BUFR_TableD_en_09.csv,bufr4/3/09/030/5/004015
44,BUFR_TableD_notes_en.csv,BUFR_TableD_en_09.csv,bufr4/3/09/030/6/008006
44,BUFR_TableD_notes_en.csv,BUFR_TableD_en_09.csv,bufr4/3/09/030/7/007004
44,BUFR_TableD_notes_en.csv,BUFR_TableD_en_09.csv,bufr4/3/09/030/8/015003
45,BUFRCREX_TableB_notes_en.csv,BUFRCREX_TableB_en_01.csv,bufr4/0/01/082
45,BUFRCREX_TableB_notes_en.csv,BUFRCREX_TableB_en_01.csv,bufr4/0/01/083
45,BUFR_TableD_notes_en.csv,BUFR_TableD_en_07.csv,bufr4/3/07/102/30/020138
46,BUFRCREX_CodeFlag_notes_en.csv,BUFRCREX_CodeFlag_en_20.csv,bufr4/0/20/003/27
46,BUFRCREX_CodeFlag_notes_en.csv,BUFRCREX_CodeFlag_en_20.csv,bufr4/0/20/003/93
46,BUFRCREX_CodeFlag_notes_en.csv,BUFRCREX_CodeFlag_en_20.csv,bufr4/0/20/003/94
46,BUFRCREX_CodeFlag_notes_en.csv,BUFRCREX_CodeFlag_en_20.csv,bufr4/0/20/003/95
46,BUFRCREX_CodeFlag_notes_en.csv,BUFRCREX_CodeFlag_en_20.csv,bufr4/0/20/003/96
46,BUFRCREX_CodeFlag_notes_en.csv,BUFRCREX_CodeFlag_en_20.csv,bufr4/0/20/003/97
46,BUFRCREX_CodeFlag_notes_en.csv,BUFRCREX_CodeFlag_en_20.csv,bufr4/0/20/003/99
46,BUFRCREX_TableB_notes_en.csv,BUFRCREX_TableB_en_02.csv,bufr4/0/02/152
47,BUFRCREX_CodeFlag_notes_en.csv,BUFRCREX_CodeFlag_en_02.csv,bufr4/0/02/025/16
47,BUFRCREX_CodeFlag_notes_en.csv,BUFRCREX_CodeFlag_en_02.csv,bufr4/0/02/025/21
47,BUFRCREX_TableB_notes_en.csv,BUFRCREX_TableB_en_02.csv,bufr4/0/02/021
47,BUFR_TableD_notes_en.csv,BUFR_TableD_en_09.csv,bufr4/3/09/024/12/301021
47,BUFR_TableD_notes_en.csv,BUFR_TableD_en_09.csv,bufr4/3/09/025/11/007007
47,BUFR_TableD_notes_en.csv,BUFR_TableD_en_09.csv,bufr4/3/09/025/12/301021
47,BUFR_TableD_notes_en.csv,BUFR_TableD_en_09.csv,bufr4/3/09/026/15/007007
47,BUFR_TableD_notes_en.csv,BUFR_TableD_en_09.csv,bufr4/3/09/026/5/008093
47,BUFR_TableD_notes_en.csv,BUFR_TableD_en_09.csv,bufr4/3/09/027/15/007007
47,BUFR_TableD_notes_en.csv,BUFR_TableD_en_09.csv,bufr4/3/09/027/7/008093
48,BUFRCREX_CodeFlag_notes_en.csv,BUFRCREX_CodeFlag_en_08.csv,bufr4/0/08/082/1
48,BUFRCREX_TableB_notes_en.csv,BUFRCREX_TableB_en_04.csv,bufr4/0/04/041
48,BUFR_TableD_notes_en.csv,BUFR_TableD_en_01.csv,bufr4/3/01/132/3/301021
49,BUFRCREX_TableB_notes_en.csv,BUFRCREX_TableB_en_08.csv,bufr4/0/08/025
50,BUFRCREX_TableB_notes_en.csv,BUFRCREX_TableB_en_08.csv,bufr4/0/08/033
50,BUFR_TableD_notes_en.csv,BUFR_TableD_en_09.csv,bufr4/3/09/026/4/008092
51,BUFRCREX_CodeFlag_notes_en.csv,BUFRCREX_CodeFlag_en_20.csv,bufr4/0/20/027/7
51,BUFRCREX_TableB_notes_en.csv,BUFRCREX_TableB_en_08.csv,bufr4/0/08/090
51,BUFR_TableD_notes_en.csv,BUFR_TableD_en_07.csv,bufr4/3/07/072/37/008050
51,BUFR_TableD_notes_en.csv,BUFR_TableD_en_07.csv,bufr4/3/07/072/38/008020
52,BUFRCREX_TableB_notes_en.csv,BUFRCREX_TableB_en_12.csv,bufr4/0/12/076
52,BUFR_TableD_notes_en.csv,BUFR_TableD_en_09.csv,bufr4/3/09/024/11/007007
53,BUFRCREX_TableB_notes_en.csv,BUFRCREX_TableB_en_13.csv,bufr4/0/13/032
53,BUFR_TableD_notes_en.csv,BUFR_TableD_en_09.csv,bufr4/3/09/024/15/033002
54,BUFRCREX_TableB_notes_en.csv,BUFRCREX_TableB_en_22.csv,bufr4/0/22/004
54,BUFR_TableD_notes_en.csv,BUFR_TableD_en_09.csv,bufr4/3/09/026/27/033002
54,BUFR_TableD_notes_en.csv,BUFR_TableD_en_09.csv,bufr4/3/09/027/27/033002
55,BUFRCREX_CodeFlag_notes_en.csv,BUFRCREX_CodeFlag_en_20.csv,bufr4/0/20/055/5
55,BUFRCREX_CodeFlag_notes_en.csv,BUFRCREX_CodeFlag_en_20.csv,bufr4/0/20/055/8
55,BUFRCREX_TableB_notes_en.csv,BUFRCREX_TableB_en_22.csv,bufr4/0/22/039
55,BUFRCREX_TableB_notes_en.csv,BUFRCREX_TableB_en_22.csv,bufr4/0/22/040
55,BUFR_TableD_notes_en.csv,BUFR_TableD_en_09.csv,bufr4/3/09/025/14/033002
56,BUFRCREX_CodeFlag_notes_en.csv,BUFRCREX_CodeFlag_en_13.csv,bufr4/0/13/040/7
56,BUFRCREX_TableB_notes_en.csv,BUFRCREX_TableB_en_25.csv,bufr4/0/25/009
56,BUFRCREX_TableB_notes_en.csv,BUFRCREX_TableB_en_25.csv,bufr4/0/25/029
56,BUFR_TableD_notes_en.csv,BUFR_TableD_en_09.csv,bufr4/3/09/021/1/301001
56,BUFR_TableD_notes_en.csv,BUFR_TableD_en_09.csv,bufr4/3/09/022/1/301001
56,BUFR_TableD_notes_en.csv,BUFR_TableD_en_09.csv,bufr4/3/09/023/1/301001
57,BUFRCREX_TableB_notes_en.csv,BUFRCREX_TableB_en_25.csv,bufr4/0/25/143
57,BUFR_TableD_notes_en.csv,BUFR_TableD_en_01.csv,bufr4/3/01/018/1/001114
58,BUFRCREX_TableB_notes_en.csv,BUFRCREX_TableB_en_26.csv,bufr4/0/26/003
58,BUFR_TableD_notes_en.csv,BUFR_TableD_en_16.csv,bufr4/3/16/008/5/008023
59,BUFRCREX_TableB_notes_en.csv,BUFRCREX_TableB_en_31.csv,bufr4/0/31/031
59,BUFR_TableD_notes_en.csv,BUFR_TableD_en_07.csv,bufr4/3/07/071/1/301090
59,BUFR_TableD_notes_en.csv,BUFR_TableD_en_07.csv,bufr4/3/07/071/2/004074
59,BUFR_TableD_notes_en.csv,BUFR_TableD_en_07.csv,bufr4/3/07/072/4/004003
59,BUFR_TableD_notes_en.csv,BUFR_TableD_en_07.csv,bufr4/3/07/072/5/004004
59,BUFR_TableD_notes_en.csv,BUFR_TableD_en_07.csv,bufr4/3/07/072/6/004074
59,BUFR_TableD_notes_en.csv,BUFR_TableD_en_08.csv,bufr4/3/08/011/3/301011
59,BUFR_TableD_notes_en.csv,BUFR_TableD_en_08.csv,bufr4/3/08/011/4/301012
59,BUFR_TableD_notes_en.csv,BUFR_TableD_en_08.csv,bufr4/3/08/011/8/004074
59,BUFR_TableD_notes_en.csv,BUFR_TableD_en_08.csv,bufr4/3/08/012/4/004003
59,BUFR_TableD_notes_en.csv,BUFR_TableD_en_08.csv,bufr4/3/08/012/5/004004
59,BUFR_TableD_notes_en.csv,BUFR_TableD_en_08.csv,bufr4/3/08/012/6/004074
60,BUFRCREX_TableB_notes_en.csv,BUFRCREX_TableB_en_01.csv,bufr4/0/01/012
60,BUFRCREX_TableB_notes_en.csv,BUFRCREX_TableB_en_01.csv,bufr4/0/01/013
60,BUFR_TableD_notes_en.csv,BUFR_TableD_en_09.csv,bufr4/3/09/024/8/004025
60,BUFR_TableD_notes_en.csv,BUFR_TableD_en_09.csv,bufr4/3/09/025/8/004025
60,BUFR_TableD_notes_en.csv,BUFR_TableD_en_09.csv,bufr4/3/09/026/7/004025
60,BUFR_TableD_notes_en.csv,BUFR_TableD_en_09.csv,bufr4/3/09/027/9/004025
61,BUFRCREX_CodeFlag_notes_en.csv,BUFRCREX_CodeFlag_en_20.csv,bufr4/0/20/063/70
61,BUFRCREX_CodeFlag_notes_en.csv,BUFRCREX_CodeFlag_en_20.csv,bufr4/0/20/063/71
61,BUFRCREX_CodeFlag_notes_en.csv,BUFRCREX_CodeFlag_en_20.csv,bufr4/0/20/063/72
61,BUFRCREX_CodeFlag_notes_en.csv,BUFRCREX_CodeFlag_en_20.csv,bufr4/0/20/063/73
61,BUFRCREX_CodeFlag_notes_en.csv,BUFRCREX_CodeFlag_en_20.csv,bufr4/0/20/063/74
61,BUFRCREX_CodeFlag_notes_en.csv,BUFRCREX_CodeFlag_en_20.csv,bufr4/0/20/063/75
61,BUFRCREX_TableB_notes_en.csv,BUFRCREX_TableB_en_08.csv,bufr4/0/08/024
61,BUFR_TableD_notes_en.csv,BUFR_TableD_en_01.csv,bufr4/3/01/028/7/019007
62,BUFRCREX_CodeFlag_notes_en.csv,BUFRCREX_CodeFlag_en_02.csv,bufr4/0/02/022/4
64,BUFR_TableD_notes_en.csv,BUFR_TableD_en_15.csv,bufr4/3/15/004/47/002032
64,BUFR_TableD_notes_en.csv,BUFR_TableD_en_15.csv,bufr4/3/15/006/47/002032
65,BUFRCREX_CodeFlag_notes_en.csv,BUFRCREX_CodeFlag_en_29.csv,bufr4/0/29/001/4
65,BUFR_TableD_notes_en.csv,BUFR_TableD_en_01.csv,bufr4/3/01/027/3/031001
66,BUFR_TableD_notes_en.csv,BUFR_TableD_en_01.csv,bufr4/3/01/028/5/031002
67,BUFRCREX_CodeFlag_notes_en.csv,BUFRCREX_CodeFlag_en_33.csv,bufr4/0/33/077/5
67,BUFR_TableD_notes_en.csv,BUFR_TableD_en_09.csv,bufr4/3/09/040/1/301075
67,BUFR_TableD_notes_en.csv,BUFR_TableD_en_09.csv,bufr4/3/09/040/2/301076
67,BUFR_TableD_notes_en.csv,BUFR_TableD_en_09.csv,bufr4/3/09/040/3/309030
67,BUFR_TableD_notes_en.csv,BUFR_TableD_en_09.csv,bufr4/3/09/041/1/307041
67,BUFR_TableD_notes_en.csv,BUFR_TableD_en_09.csv,bufr4/3/09/041/2/301075
67,BUFR_TableD_notes_en.csv,BUFR_TableD_en_09.csv,bufr4/3/09/041/3/301076
67,BUFR_TableD_notes_en.csv,BUFR_TableD_en_09.csv,bufr4/3/09/041/4/309030
67,BUFR_TableD_notes_en.csv,BUFR_TableD_en_09.csv,bufr4/3/09/042/1/307042
67,BUFR_TableD_notes_en.csv,BUFR_TableD_en_09.csv,bufr4/3/09/042/2/301075
67,BUFR_TableD_notes_en.csv,BUFR_TableD_en_09.csv,bufr4/3/09/042/3/301076
67,BUFR_TableD_notes_en.csv,BUFR_TableD_en_09.csv,bufr4/3/09/042/4/309030
67,BUFR_TableD_notes_en.csv,BUFR_TableD_en_09.csv,bufr4/3/09/043/1/307043
67,BUFR_TableD_notes_en.csv,BUFR_TableD_en_09.csv,bufr4/3/09/043/2/301075
67,BUFR_TableD_notes_en.csv,BUFR_TableD_en_09.csv,bufr4/3/09/043/3/301076
67,BUFR_TableD_notes_en.csv,BUFR_TableD_en_09.csv,bufr4/3/09/043/4/309030
67,BUFR_TableD_notes_en.csv,BUFR_TableD_en_09.csv,bufr4/3/09/044/1/307044
67,BUFR_TableD_notes_en.csv,BUFR_TableD_en_09.csv,bufr4/3/09/044/2/301075
67,BUFR_TableD_notes_en.csv,BUFR_TableD_en_09.csv,bufr4/3/09/044/3/301076
67,BUFR_TableD_notes_en.csv,BUFR_TableD_en_09.csv,bufr4/3/09/044/4/309030
68,BUFRCREX_CodeFlag_notes_en.csv,BUFRCREX_CodeFlag_en_33.csv,bufr4/0/33/077/2
68,BUFRCREX_TableB_notes_en.csv,BUFRCREX_TableB_en_07.csv,bufr4/0/07/021
68,BUFR_TableD_notes_en.csv,BUFR_TableD_en_06.csv,bufr4/3/06/024/1/306020
68,BUFR_TableD_notes_en.csv,BUFR_TableD_en_06.csv,bufr4/3/06/024/2/102006
68,BUFR_TableD_notes_en.csv,BUFR_TableD_en_06.csv,bufr4/3/06/024/3/022038
68,BUFR_TableD_notes_en.csv,BUFR_TableD_en_06.csv,bufr4/3/06/024/4/022039
69,BUFRCREX_CodeFlag_notes_en.csv,BUFRCREX_CodeFlag_en_33.csv,bufr4/0/33/077/9
69,BUFRCREX_TableB_notes_en.csv,BUFRCREX_TableB_en_14.csv,bufr4/0/14/050
69,BUFR_TableD_notes_en.csv,BUFR_TableD_en_06.csv,bufr4/3/06/020/1/001075
69,BUFR_TableD_notes_en.csv,BUFR_TableD_en_06.csv,bufr4/3/06/020/2/301011
69,BUFR_TableD_notes_en.csv,BUFR_TableD_en_06.csv,bufr4/3/06/020/3/301012
69,BUFR_TableD_notes_en.csv,BUFR_TableD_en_06.csv,bufr4/3/06/020/4/022042
69,BUFR_TableD_notes_en.csv,BUFR_TableD_en_06.csv,bufr4/3/06/020/5/022120
69,BUFR_TableD_notes_en.csv,BUFR_TableD_en_06.csv,bufr4/3/06/020/6/022121
69,BUFR_TableD_notes_en.csv,BUFR_TableD_en_06.csv,bufr4/3/06/020/7/004075
69,BUFR_TableD_notes_en.csv,BUFR_TableD_en_06.csv,bufr4/3/06/020/8/004065
70,BUFRCREX_CodeFlag_notes_en.csv,BUFRCREX_CodeFlag_en_33.csv,bufr4/0/33/077/8
70,BUFRCREX_TableB_notes_en.csv,BUFRCREX_TableB_en_08.csv,bufr4/0/08/023
70,BUFR_TableD_notes_en.csv,BUFR_TableD_en_09.csv,bufr4/3/09/070/10/010001
71,BUFRCREX_CodeFlag_notes_en.csv,BUFRCREX_CodeFlag_en_33.csv,bufr4/0/33/076/1
71,BUFRCREX_CodeFlag_notes_en.csv,BUFRCREX_CodeFlag_en_33.csv,bufr4/0/33/076/2
71,BUFRCREX_TableB_notes_en.csv,BUFRCREX_TableB_en_25.csv,bufr4/0/25/063
71,BUFR_TableD_notes_en.csv,BUFR_TableD_en_09.csv,bufr4/3/09/055/13/301113
72,BUFRCREX_CodeFlag_notes_en.csv,BUFRCREX_CodeFlag_en_33.csv,bufr4/0/33/075/3
72,BUFRCREX_TableB_notes_en.csv,BUFRCREX_TableB_en_01.csv,bufr4/0/01/022
72,BUFR_TableD_notes_en.csv,BUFR_TableD_en_01.csv,bufr4/3/01/113/1/008021
72,BUFR_TableD_notes_en.csv,BUFR_TableD_en_01.csv,bufr4/3/01/122/1/301011
73,BUFRCREX_CodeFlag_notes_en.csv,BUFRCREX_CodeFlag_en_33.csv,bufr4/0/33/077/7
73,BUFRCREX_TableB_notes_en.csv,BUFRCREX_TableB_en_19.csv,bufr4/0/19/005
73,BUFRCREX_TableB_notes_en.csv,BUFRCREX_TableB_en_19.csv,bufr4/0/19/006
73,BUFR_TableD_notes_en.csv,BUFR_TableD_en_02.csv,bufr4/3/02/046/2/004024
74,BUFRCREX_CodeFlag_notes_en.csv,BUFRCREX_CodeFlag_en_31.csv,bufr4/0/31/021/21
74,BUFRCREX_TableB_notes_en.csv,BUFRCREX_TableB_en_07.csv,bufr4/0/07/040
74,BUFR_TableD_notes_en.csv,BUFR_TableD_en_07.csv,bufr4/3/07/102/33/013055
74,BUFR_TableD_notes_en.csv,BUFR_TableD_en_07.csv,bufr4/3/07/102/34/020021
75,BUFR_TableD_notes_en.csv,BUFR_TableD_en_07.csv,bufr4/3/07/045/18/011085
75,BUFR_TableD_notes_en.csv,BUFR_TableD_en_07.csv,bufr4/3/07/045/19/011086
75,BUFR_TableD_notes_en.csv,BUFR_TableD_en_07.csv,bufr4/3/07/045/20/011041
75,BUFR_TableD_notes_en.csv,BUFR_TableD_en_07.csv,bufr4/3/07/048/15/011085
75,BUFR_TableD_notes_en.csv,BUFR_TableD_en_07.csv,bufr4/3/07/048/16/011086
75,BUFR_TableD_notes_en.csv,BUFR_TableD_en_07.csv,bufr4/3/07/048/17/011041
75,BUFR_TableD_notes_en.csv,BUFR_TableD_en_07.csv,bufr4/3/07/053/10/011041
75,BUFR_TableD_notes_en.csv,BUFR_TableD_en_07.csv,bufr4/3/07/053/8/011085
75,BUFR_TableD_notes_en.csv,BUFR_TableD_en_07.csv,bufr4/3/07/053/9/011086
76,BUFRCREX_TableB_notes_en.csv,BUFRCREX_TableB_en_00.csv,bufr4/0/00/008
76,BUFR_TableD_notes_en.csv,BUFR_TableD_en_07.csv,bufr4/3/07/045/14/011083
76,BUFR_TableD_notes_en.csv,BUFR_TableD_en_07.csv,bufr4/3/07/045/15/011084
76,BUFR_TableD_notes_en.csv,BUFR_TableD_en_07.csv,bufr4/3/07/045/16/011002
76,BUFR_TableD_notes_en.csv,BUFR_TableD_en_07.csv,bufr4/3/07/048/11/011083
76,BUFR_TableD_notes_en.csv,BUFR_TableD_en_07.csv,bufr4/3/07/048/12/011084
76,BUFR_TableD_notes_en.csv,BUFR_TableD_en_07.csv,bufr4/3/07/048/13/011002
76,BUFR_TableD_notes_en.csv,BUFR_TableD_en_07.csv,bufr4/3/07/053/4/011083
76,BUFR_TableD_notes_en.csv,BUFR_TableD_en_07.csv,bufr4/3/07/053/5/011084
76,BUFR_TableD_notes_en.csv,BUFR_TableD_en_07.csv,bufr4/3/07/053/6/011002
77,BUFRCREX_CodeFlag_notes_en.csv,BUFRCREX_CodeFlag_en_20.csv,bufr4/0/20/003//2
77,BUFRCREX_TableB_notes_en.csv,BUFRCREX_TableB_en_15.csv,bufr4/0/15/045
77,BUFR_TableD_notes_en.csv,BUFR_TableD_en_02.csv,bufr4/3/02/041/3/004024
77,BUFR_TableD_notes_en.csv,BUFR_TableD_en_02.csv,bufr4/3/02/041/6/004024
77,BUFR_TableD_notes_en.csv,BUFR_TableD_en_02.csv,bufr4/3/02/058/4/004024
77,BUFR_TableD_notes_en.csv,BUFR_TableD_en_02.csv,bufr4/3/02/058/7/004024
78,BUFRCREX_TableB_notes_en.csv,BUFRCREX_TableB_en_15.csv,bufr4/0/15/041
78,BUFR_TableD_notes_en.csv,BUFR_TableD_en_02.csv,bufr4/3/02/041/3/004024
78,BUFR_TableD_notes_en.csv,BUFR_TableD_en_02.csv,bufr4/3/02/058/4/004024
79,BUFRCREX_TableB_notes_en.csv,BUFRCREX_TableB_en_15.csv,bufr4/0/15/030
79,BUFR_TableD_notes_en.csv,BUFR_TableD_en_15.csv,bufr4/3/15/013/1/301150
80,BUFRCREX_TableB_notes_en.csv,BUFRCREX_TableB_en_15.csv,bufr4/0/15/046
80,BUFR_TableD_notes_en.csv,BUFR_TableD_en_03.csv,bufr4/3/03/100/1/013165
81,BUFRCREX_TableB_notes_en.csv,BUFRCREX_TableB_en_24.csv,bufr4/0/24/014
82,BUFRCREX_CodeFlag_notes_en.csv,BUFRCREX_CodeFlag_en_20.csv,bufr4/0/20/004/11
82,BUFRCREX_CodeFlag_notes_en.csv,BUFRCREX_CodeFlag_en_20.csv,bufr4/0/20/004/13
82,BUFRCREX_CodeFlag_notes_en.csv,BUFRCREX_CodeFlag_en_20.csv,bufr4/0/20/004/14
82,BUFRCREX_CodeFlag_notes_en.csv,BUFRCREX_CodeFlag_en_20.csv,bufr4/0/20/005/11
82,BUFRCREX_CodeFlag_notes_en.csv,BUFRCREX_CodeFlag_en_20.csv,bufr4/0/20/005/13
82,BUFRCREX_CodeFlag_notes_en.csv,BUFRCREX_CodeFlag_en_20.csv,bufr4/0/20/005/14
83,BUFRCREX_CodeFlag_notes_en.csv,BUFRCREX_CodeFlag_en_33.csv,bufr4/0/33/075/4
83,BUFRCREX_TableB_notes_en.csv,BUFRCREX_TableB_en_14.csv,bufr4/0/14/072
84,BUFRCREX_TableB_notes_en.csv,BUFRCREX_TableB_en_07.csv,bufr4/0/07/031
85,BUFRCREX_TableB_notes_en.csv,BUFRCREX_TableB_en_07.csv,bufr4/0/07/032
86,BUFRCREX_CodeFlag_notes_en.csv,BUFRCREX_CodeFlag_en_33.csv,bufr4/0/33/077/11
86,BUFRCREX_TableB_notes_en.csv,BUFRCREX_TableB_en_07.csv,bufr4/0/07/033
87,BUFRCREX_CodeFlag_notes_en.csv,BUFRCREX_CodeFlag_en_33.csv,bufr4/0/33/077/10
87,BUFRCREX_TableB_notes_en.csv,BUFRCREX_TableB_en_07.csv,bufr4/0/07/030
88,BUFRCREX_TableB_notes_en.csv,BUFRCREX_TableB_en_13.csv,bufr4/0/13/115
89,BUFRCREX_CodeFlag_notes_en.csv,BUFRCREX_CodeFlag_en_20.csv,bufr4/0/20/003/19
89,BUFRCREX_TableB_notes_en.csv,BUFRCREX_TableB_en_20.csv,bufr4/0/20/111
89,BUFRCREX_TableB_notes_en.csv,BUFRCREX_TableB_en_20.csv,bufr4/0/20/112
89,BUFRCREX_TableB_notes_en.csv,BUFRCREX_TableB_en_20.csv,bufr4/0/20/113
90,BUFRCREX_TableB_notes_en.csv,BUFRCREX_TableB_en_20.csv,bufr4/0/20/111
90,BUFRCREX_TableB_notes_en.csv,BUFRCREX_TableB_en_20.csv,bufr4/0/20/112
91,BUFRCREX_CodeFlag_notes_en.csv,BUFRCREX_CodeFlag_en_02.csv,bufr4/0/02/030/1
91,BUFRCREX_CodeFlag_notes_en.csv,BUFRCREX_CodeFlag_en_03.csv,bufr4/0/03/010/1
91,BUFRCREX_TableB_notes_en.csv,BUFRCREX_TableB_en_02.csv,bufr4/0/02/142
92,BUFRCREX_CodeFlag_notes_en.csv,BUFRCREX_CodeFlag_en_01.csv,bufr4/0/01/150/4
93,BUFRCREX_CodeFlag_notes_en.csv,BUFRCREX_CodeFlag_en_08.csv,bufr4/0/08/024/14
93,BUFRCREX_TableB_notes_en.csv,BUFRCREX_TableB_en_10.csv,bufr4/0/10/031
94,BUFRCREX_TableB_notes_en.csv,BUFRCREX_TableB_en_28.csv,bufr4/0/28/031
95,BUFRCREX_TableB_notes_en.csv,BUFRCREX_TableB_en_01.csv,bufr4/0/01/041
95,BUFRCREX_TableB_notes_en.csv,BUFRCREX_TableB_en_01.csv,bufr4/0/01/042
95,BUFRCREX_TableB_notes_en.csv,BUFRCREX_TableB_en_01.csv,bufr4/0/01/043
96,BUFRCREX_CodeFlag_notes_en.csv,BUFRCREX_CodeFlag_en_20.csv,bufr4/0/20/027/8
96,BUFRCREX_TableB_notes_en.csv,BUFRCREX_TableB_en_27.csv,bufr4/0/27/031
97,BUFRCREX_CodeFlag_notes_en.csv,BUFRCREX_CodeFlag_en_08.csv,bufr4/0/08/094/0
97,BUFRCREX_CodeFlag_notes_en.csv,BUFRCREX_CodeFlag_en_08.csv,bufr4/0/08/094/3
97,BUFRCREX_CodeFlag_notes_en.csv,BUFRCREX_CodeFlag_en_08.csv,bufr4/0/08/094/4
98,BUFRCREX_TableB_notes_en.csv,BUFRCREX_TableB_en_00.csv,bufr4/0/00/004
99,BUFRCREX_TableB_notes_en.csv,BUFRCREX_TableB_en_19.csv,bufr4/0/19/003
99,BUFRCREX_TableB_notes_en.csv,BUFRCREX_TableB_en_19.csv,bufr4/0/19/004
100,BUFRCREX_TableB_notes_en.csv,BUFRCREX_TableB_en_22.csv,bufr4/0/22/086
102,BUFRCREX_CodeFlag_notes_en.csv,BUFRCREX_CodeFlag_en_08.csv,bufr4/0/08/092/1
102,BUFRCREX_TableB_notes_en.csv,BUFRCREX_TableB_en_20.csv,bufr4/0/20/123
103,BUFRCREX_TableB_notes_en.csv,BUFRCREX_TableB_en_25.csv,bufr4/0/25/175
104,BUFRCREX_TableB_notes_en.csv,BUFRCREX_TableB_en_22.csv,bufr4/0/22/102
104,BUFRCREX_TableB_notes_en.csv,BUFRCREX_TableB_en_22.csv,bufr4/0/22/103
104,BUFRCREX_TableB_notes_en.csv,BUFRCREX_TableB_en_22.csv,bufr4/0/22/104
104,BUFRCREX_TableB_notes_en.csv,BUFRCREX_TableB_en_22.csv,bufr4/0/22/105
104,BUFRCREX_TableB_notes_en.csv,BUFRCREX_TableB_en_22.csv,bufr4/0/22/106
104,BUFRCREX_TableB_notes_en.csv,BUFRCREX_TableB_en_22.csv,bufr4/0/22/107
107,BUFRCREX_TableB_notes_en.csv,BUFRCREX_TableB_en_22.csv,bufr4/0/22/097
107,BUFRCREX_TableB_notes_en.csv,BUFRCREX_TableB_en_22.csv,bufr4/0/22/098
107,BUFRCREX_TableB_notes_en.csv,BUFRCREX_TableB_en_22.csv,bufr4/0/22/099
107,BUFRCREX_TableB_notes_en.csv,BUFRCREX_TableB_en_22.csv,bufr4/0/22/100
107,BUFRCREX_TableB_notes_en.csv,BUFRCREX_TableB_en_22.csv,bufr4/0/22/101
111,BUFRCREX_TableB_notes_en.csv,BUFRCREX_TableB_en_02.csv,bufr4/0/02/140
113,BUFRCREX_TableB_notes_en.csv,BUFRCREX_TableB_en_31.csv,bufr4/0/31/031
114,BUFRCREX_TableB_notes_en.csv,BUFRCREX_TableB_en_40.csv,bufr4/0/40/069
116,BUFRCREX_TableB_notes_en.csv,BUFRCREX_TableB_en_07.csv,bufr4/0/07/001
117,BUFRCREX_TableB_notes_en.csv,BUFRCREX_TableB_en_07.csv,bufr4/0/07/064
118,BUFRCREX_TableB_notes_en.csv,BUFRCREX_TableB_en_20.csv,bufr4/0/20/019
118,BUFRCREX_TableB_notes_en.csv,BUFRCREX_TableB_en_20.csv,bufr4/0/20/020
119,BUFRCREX_TableB_notes_en.csv,BUFRCREX_TableB_en_13.csv,bufr4/0/13/042
119,BUFRCREX_TableB_notes_en.csv,BUFRCREX_TableB_en_13.csv,bufr4/0/13/043
120,BUFRCREX_TableB_notes_en.csv,BUFRCREX_TableB_en_20.csv,bufr4/0/20/065
124,BUFRCREX_TableB_notes_en.csv,BUFRCREX_TableB_en_02.csv,bufr4/0/02/173
125,BUFRCREX_TableB_notes_en.csv,BUFRCREX_TableB_en_01.csv,bufr4/0/01/012
125,BUFRCREX_TableB_notes_en.csv,BUFRCREX_TableB_en_01.csv,bufr4/0/01/013
127,BUFRCREX_TableB_notes_en.csv,BUFRCREX_TableB_en_31.csv,bufr4/0/31/011
128,BUFRCREX_TableB_notes_en.csv,BUFRCREX_TableB_en_10.csv,bufr4/0/10/036
129,BUFRCREX_TableB_notes_en.csv,BUFRCREX_TableB_en_13.csv,bufr4/0/13/047
130,BUFRCREX_TableB_notes_en.csv,BUFRCREX_TableB_en_13.csv,bufr4/0/13/042
130,BUFRCREX_TableB_notes_en.csv,BUFRCREX_TableB_en_13.csv,bufr4/0/13/043
131,BUFRCREX_TableB_notes_en.csv,BUFRCREX_TableB_en_25.csv,bufr4/0/25/032
131,BUFRCREX_TableB_notes_en.csv,BUFRCREX_TableB_en_25.csv,bufr4/0/25/033
131,BUFRCREX_TableB_notes_en.csv,BUFRCREX_TableB_en_25.csv,bufr4/0/25/034
131,BUFRCREX_TableB_notes_en.csv,BUFRCREX_TableB_en_25.csv,bufr4/0/25/060
132,BUFRCREX_TableB_notes_en.csv,BUFRCREX_TableB_en_27.csv,bufr4/0/27/003
132,BUFRCREX_TableB_notes_en.csv,BUFRCREX_TableB_en_27.csv,bufr4/0/27/004
133,BUFRCREX_TableB_notes_en.csv,BUFRCREX_TableB_en_28.csv,bufr4/0/28/003
133,BUFRCREX_TableB_notes_en.csv,BUFRCREX_TableB_en_28.csv,bufr4/0/28/004
134,BUFRCREX_TableB_notes_en.csv,BUFRCREX_TableB_en_01.csv,bufr4/0/01/041
134,BUFRCREX_TableB_notes_en.csv,BUFRCREX_TableB_en_01.csv,bufr4/0/01/042
134,BUFRCREX_TableB_notes_en.csv,BUFRCREX_TableB_en_01.csv,bufr4/0/01/043
135,BUFRCREX_TableB_notes_en.csv,BUFRCREX_TableB_en_20.csv,bufr4/0/20/038
136,BUFRCREX_TableB_notes_en.csv,BUFRCREX_TableB_en_22.csv,bufr4/0/22/001
136,BUFRCREX_TableB_notes_en.csv,BUFRCREX_TableB_en_22.csv,bufr4/0/22/002
136,BUFRCREX_TableB_notes_en.csv,BUFRCREX_TableB_en_22.csv,bufr4/0/22/003
137,BUFRCREX_TableB_notes_en.csv,BUFRCREX_TableB_en_22.csv,bufr4/0/22/076
137,BUFRCREX_TableB_notes_en.csv,BUFRCREX_TableB_en_22.csv,bufr4/0/22/077
138,BUFRCREX_TableB_notes_en.csv,BUFRCREX_TableB_en_19.csv,bufr4/0/19/002
139,BUFRCREX_TableB_notes_en.csv,BUFRCREX_TableB_en_22.csv,bufr4/0/22/182
142,BUFRCREX_TableB_notes_en.csv,BUFRCREX_TableB_en_15.csv,bufr4/0/15/036
143,BUFRCREX_TableB_notes_en.csv,BUFRCREX_TableB_en_27.csv,bufr4/0/27/020
144,BUFRCREX_TableB_notes_en.csv,BUFRCREX_TableB_en_27.csv,bufr4/0/27/021
146,BUFRCREX_TableB_notes_en.csv,BUFRCREX_TableB_en_22.csv,bufr4/0/22/070
147,BUFRCREX_TableB_notes_en.csv,BUFRCREX_TableB_en_11.csv,bufr4/0/11/019
148,BUFRCREX_TableB_notes_en.csv,BUFRCREX_TableB_en_01.csv,bufr4/0/01/025
150,BUFRCREX_TableB_notes_en.csv,BUFRCREX_TableB_en_10.csv,bufr4/0/10/031
151,BUFRCREX_TableB_notes_en.csv,BUFRCREX_TableB_en_27.csv,bufr4/0/27/031
152,BUFRCREX_TableB_notes_en.csv,BUFRCREX_TableB_en_28.csv,bufr4/0/28/031
153,BUFRCREX_TableB_notes_en.csv,BUFRCREX_TableB_en_01.csv,bufr4/0/01/030
154,BUFRCREX_TableB_notes_en.csv,BUFRCREX_TableB_en_01.csv,bufr4/0/01/041
154,BUFRCREX_TableB_notes_en.csv,BUFRCREX_TableB_en_01.csv,bufr4/0/01/042
154,BUFRCREX_TableB_notes_en.csv,BUFRCREX_TableB_en_01.csv,bufr4/0/01/043
157,BUFRCREX_TableB_notes_en.csv,BUFRCREX_TableB_en_02.csv,bufr4/0/02/100
159,BUFRCREX_TableB_notes_en.csv,BUFRCREX_TableB_en_20.csv,bufr4/0/20/054
168,BUFRCREX_TableB_notes_en.csv,BUFRCREX_TableB_en_33.csv,bufr4/0/33/045
168,BUFRCREX_TableB_notes_en.csv,BUFRCREX_TableB_en_33.csv,bufr4/0/33/046
169,BUFRCREX_TableB_notes_en.csv,BUFRCREX_TableB_en_08.csv,bufr4/0/08/043
170,BUFRCREX_TableB_notes_en.csv,BUFRCREX_TableB_en_20.csv,bufr4/0/20/013
171,BUFRCREX_TableB_notes_en.csv,BUFRCREX_TableB_en_20.csv,bufr4/0/20/004
171,BUFRCREX_TableB_notes_en.csv,BUFRCREX_TableB_en_20.csv,bufr4/0/20/005
172,BUFRCREX_TableB_notes_en.csv,BUFRCREX_TableB_en_20.csv,bufr4/0/20/003
173,BUFRCREX_TableB_notes_en.csv,BUFRCREX_TableB_en_33.csv,bufr4/0/33/045
173,BUFRCREX_TableB_notes_en.csv,BUFRCREX_TableB_en_33.csv,bufr4/0/33/046
174,BUFRCREX_TableB_notes_en.csv,BUFRCREX_TableB_en_33.csv,bufr4/0/33/046
175,BUFRCREX_TableB_notes_en.csv,BUFRCREX_TableB_en_01.csv,bufr4/0/01/032
177,BUFRCREX_TableB_notes_en.csv,BUFRCREX_TableB_en_12.csv,bufr4/0/12/011
177,BUFRCREX_TableB_notes_en.csv,BUFRCREX_TableB_en_12.csv,bufr4/0/12/012
177,BUFRCREX_TableB_notes_en.csv,BUFRCREX_TableB_en_12.csv,bufr4/0/12/111
177,BUFRCREX_TableB_notes_en.csv,BUFRCREX_TableB_en_12.csv,bufr4/0/12/112
182,BUFRCREX_TableB_notes_en.csv,BUFRCREX_TableB_en_01.csv,bufr4/0/01/027
183,BUFRCREX_TableB_notes_en.csv,BUFRCREX_TableB_en_06.csv,bufr4/0/06/032
184,BUFRCREX_TableB_notes_en.csv,BUFRCREX_TableB_en_05.csv,bufr4/0/05/032
185,BUFRCREX_TableB_notes_en.csv,BUFRCREX_TableB_en_01.csv,bufr4/0/01/145
186,BUFRCREX_TableB_notes_en.csv,BUFRCREX_TableB_en_13.csv,bufr4/0/13/165
187,BUFRCREX_TableB_notes_en.csv,BUFRCREX_TableB_en_13.csv,bufr4/0/13/166
188,BUFRCREX_TableB_notes_en.csv,BUFRCREX_TableB_en_13.csv,bufr4/0/13/167
190,BUFRCREX_TableB_notes_en.csv,BUFRCREX_TableB_en_13.csv,bufr4/0/13/168
190,BUFRCREX_TableB_notes_en.csv,BUFRCREX_TableB_en_13.csv,bufr4/0/13/170
191,BUFRCREX_TableB_notes_en.csv,BUFRCREX_TableB_en_13.csv,bufr4/0/13/169
192,BUFRCREX_TableB_notes_en.csv,BUFRCREX_TableB_en_13.csv,bufr4/0/13/171
193,BUFRCREX_TableB_notes_en.csv,BUFRCREX_TableB_en_07.csv,bufr4/0/07/034
194,BUFRCREX_TableB_notes_en.csv,BUFRCREX_TableB_en_13.csv,bufr4/0/13/119
195,BUFRCREX_TableB_notes_en.csv,BUFRCREX_TableB_en_01.csv,bufr4/0/01/159
